source,target,extension,status,paragraphs,tables,sheets
D:\work\2026\4\5 组织生活会\1 交付\2025年度组织生活会及民主评议党员会议纪要-交付中心V1.docx,E:\sl_obsidian\converted_markdown\组织生活会\1 交付\2025年度组织生活会及民主评议党员会议纪要-交付中心V1.md,.docx,converted,112,0,
D:\work\2026\4\5 组织生活会\1 交付\2025年度组织生活会发言提纲-模板-连艳利V5.docx,E:\sl_obsidian\converted_markdown\组织生活会\1 交付\2025年度组织生活会发言提纲-模板-连艳利V5.md,.docx,converted,72,0,
D:\work\2026\4\5 组织生活会\1 交付\2025年度组织生活会发言提纲-闫林林.docx,E:\sl_obsidian\converted_markdown\组织生活会\1 交付\2025年度组织生活会发言提纲-闫林林.md,.docx,converted,35,0,
D:\work\2026\4\5 组织生活会\1 交付\2025年度组织生活会发言材料-李祯.docx,E:\sl_obsidian\converted_markdown\组织生活会\1 交付\2025年度组织生活会发言材料-李祯.md,.docx,converted,39,0,
D:\work\2026\4\5 组织生活会\1 交付\交付中心党支部2025年度组织生活会整改清单.xlsx,E:\sl_obsidian\converted_markdown\组织生活会\1 交付\交付中心党支部2025年度组织生活会整改清单.md,.xlsx,converted,,,3
D:\work\2026\4\5 组织生活会\1 交付\附件3：民主评议结果报告.xlsx,E:\sl_obsidian\converted_markdown\组织生活会\1 交付\附件3：民主评议结果报告.md,.xlsx,converted,,,1
D:\work\2026\4\5 组织生活会\1 交付\附件：学习教育查摆问题整改整治台账（模板)+-各市分公司 (2).xlsx,E:\sl_obsidian\converted_markdown\组织生活会\1 交付\附件：学习教育查摆问题整改整治台账（模板)+-各市分公司 (2).md,.xlsx,converted,,,1
D:\work\2026\4\5 组织生活会\10 创新\个人发言材料-张红.docx,E:\sl_obsidian\converted_markdown\组织生活会\10 创新\个人发言材料-张红.md,.docx,converted,48,0,
D:\work\2026\4\5 组织生活会\10 创新\个人发言材料-马诗琪.docx,E:\sl_obsidian\converted_markdown\组织生活会\10 创新\个人发言材料-马诗琪.md,.docx,converted,96,0,
D:\work\2026\4\5 组织生活会\10 创新\创新业务支撑中心党支部2025年度组织生活会整改清单.xlsx,E:\sl_obsidian\converted_markdown\组织生活会\10 创新\创新业务支撑中心党支部2025年度组织生活会整改清单.md,.xlsx,converted,,,3
D:\work\2026\4\5 组织生活会\10 创新\创新业务支撑中心支部委员会对照检查材料.docx,E:\sl_obsidian\converted_markdown\组织生活会\10 创新\创新业务支撑中心支部委员会对照检查材料.md,.docx,converted,110,0,
D:\work\2026\4\5 组织生活会\11 办公室\2-0+2025办公室支部组织生活会＿问题整改清单1.xlsx,E:\sl_obsidian\converted_markdown\组织生活会\11 办公室\2-0+2025办公室支部组织生活会＿问题整改清单1.md,.xlsx,converted,,,3
D:\work\2026\4\5 组织生活会\11 办公室\2-1+28名党员批评与自我批评具体内容.docx,E:\sl_obsidian\converted_markdown\组织生活会\11 办公室\2-1+28名党员批评与自我批评具体内容.md,.docx,converted,17,0,
D:\work\2026\4\5 组织生活会\11 办公室\2-128名党员批评与自我批评具体内容.docx,E:\sl_obsidian\converted_markdown\组织生活会\11 办公室\2-128名党员批评与自我批评具体内容.md,.docx,converted,17,0,
D:\work\2026\4\5 组织生活会\11 办公室\3-12025年度组织生活会个人发言成春红.docx,E:\sl_obsidian\converted_markdown\组织生活会\11 办公室\3-12025年度组织生活会个人发言成春红.md,.docx,converted,62,0,
D:\work\2026\4\5 组织生活会\11 办公室\3-2个人发言材料＿办公室李芳.docx,E:\sl_obsidian\converted_markdown\组织生活会\11 办公室\3-2个人发言材料＿办公室李芳.md,.docx,converted,39,0,
D:\work\2026\4\5 组织生活会\11 办公室\3-3张静-2025年度组织生活会材料.docx,E:\sl_obsidian\converted_markdown\组织生活会\11 办公室\3-3张静-2025年度组织生活会材料.md,.docx,converted,33,0,
D:\work\2026\4\5 组织生活会\11 办公室\3-42025年度组织生活会个人发言-办公室杨培 (1).docx,E:\sl_obsidian\converted_markdown\组织生活会\11 办公室\3-42025年度组织生活会个人发言-办公室杨培 (1).md,.docx,converted,55,0,
D:\work\2026\4\5 组织生活会\11 办公室\3-42025年度组织生活会个人发言-办公室杨培.docx,E:\sl_obsidian\converted_markdown\组织生活会\11 办公室\3-42025年度组织生活会个人发言-办公室杨培.md,.docx,converted,55,0,
D:\work\2026\4\5 组织生活会\11 办公室\3-52025年度组织生活会个人发言-办公室郭曙光.docx,E:\sl_obsidian\converted_markdown\组织生活会\11 办公室\3-52025年度组织生活会个人发言-办公室郭曙光.md,.docx,converted,38,0,
D:\work\2026\4\5 组织生活会\11 办公室\3办公室支部2025年度基层党组织组织生活会支部委员会对照检查材料.docx,E:\sl_obsidian\converted_markdown\组织生活会\11 办公室\3办公室支部2025年度基层党组织组织生活会支部委员会对照检查材料.md,.docx,converted,58,0,
D:\work\2026\4\5 组织生活会\12 沁阳\2025年度党建工作报告.docx,E:\sl_obsidian\converted_markdown\组织生活会\12 沁阳\2025年度党建工作报告.md,.docx,converted,15,0,
D:\work\2026\4\5 组织生活会\12 沁阳\2025年度基层党组织组织生活会支部委员会对照检查材料--沁阳市分公司党支部.docx,E:\sl_obsidian\converted_markdown\组织生活会\12 沁阳\2025年度基层党组织组织生活会支部委员会对照检查材料--沁阳市分公司党支部.md,.docx,converted,60,0,
D:\work\2026\4\5 组织生活会\12 沁阳\2025年度组织生活会个人发言材料-（支部书记魏进军）.docx,E:\sl_obsidian\converted_markdown\组织生活会\12 沁阳\2025年度组织生活会个人发言材料-（支部书记魏进军）.md,.docx,converted,45,0,
D:\work\2026\4\5 组织生活会\12 沁阳\2025年度组织生活会个人发言材料-（组织委员、纪检委员刘建建）.docx,E:\sl_obsidian\converted_markdown\组织生活会\12 沁阳\2025年度组织生活会个人发言材料-（组织委员、纪检委员刘建建）.md,.docx,converted,42,0,
D:\work\2026\4\5 组织生活会\12 沁阳\2025年度组织生活会发言材料-（宣传委员王亮）.docx,E:\sl_obsidian\converted_markdown\组织生活会\12 沁阳\2025年度组织生活会发言材料-（宣传委员王亮）.md,.docx,converted,46,0,
D:\work\2026\4\5 组织生活会\12 沁阳\关于召开基层党组织2025年度组织生活会和开展民主评议党员的通知.docx,E:\sl_obsidian\converted_markdown\组织生活会\12 沁阳\关于召开基层党组织2025年度组织生活会和开展民主评议党员的通知.md,.docx,converted,41,0,
D:\work\2026\4\5 组织生活会\12 沁阳\沁阳党支部2025年度组织生活会征求意见清单及整改措施.xlsx,E:\sl_obsidian\converted_markdown\组织生活会\12 沁阳\沁阳党支部2025年度组织生活会征求意见清单及整改措施.md,.xlsx,converted,,,2
D:\work\2026\4\5 组织生活会\12 沁阳\附件1：基层党支部民主评议表.xlsx,E:\sl_obsidian\converted_markdown\组织生活会\12 沁阳\附件1：基层党支部民主评议表.md,.xlsx,converted,,,1
D:\work\2026\4\5 组织生活会\12 沁阳\附件2：党员民主测评表.xlsx,E:\sl_obsidian\converted_markdown\组织生活会\12 沁阳\附件2：党员民主测评表.md,.xlsx,converted,,,1
D:\work\2026\4\5 组织生活会\12 沁阳\附件3：民主评议结果报告.xlsx,E:\sl_obsidian\converted_markdown\组织生活会\12 沁阳\附件3：民主评议结果报告.md,.xlsx,converted,,,1
D:\work\2026\4\5 组织生活会\12 沁阳\附件4：党支部发言材料参考模板.docx,E:\sl_obsidian\converted_markdown\组织生活会\12 沁阳\附件4：党支部发言材料参考模板.md,.docx,converted,35,0,
D:\work\2026\4\5 组织生活会\13 财务\2025年组织生活会问题清单整改措施-财务部.xlsx,E:\sl_obsidian\converted_markdown\组织生活会\13 财务\2025年组织生活会问题清单整改措施-财务部.md,.xlsx,converted,,,1
D:\work\2026\4\5 组织生活会\14 党建\2025年度党员领导干部组织生活会个人发言材料-王统.docx,E:\sl_obsidian\converted_markdown\组织生活会\14 党建\2025年度党员领导干部组织生活会个人发言材料-王统.md,.docx,converted,47,0,
D:\work\2026\4\5 组织生活会\14 党建\2025年组织生活会问题清单整改措施-党建工作部.xlsx,E:\sl_obsidian\converted_markdown\组织生活会\14 党建\2025年组织生活会问题清单整改措施-党建工作部.md,.xlsx,converted,,,1
D:\work\2026\4\5 组织生活会\15 客服\2-2025年度组织生活会个人发言材料-客服部崔静0401.docx,E:\sl_obsidian\converted_markdown\组织生活会\15 客服\2-2025年度组织生活会个人发言材料-客服部崔静0401.md,.docx,converted,52,0,
D:\work\2026\4\5 组织生活会\15 客服\2025年度基层党组织组织生活会客户服务部支部委员会对照检查材料20260312.docx,E:\sl_obsidian\converted_markdown\组织生活会\15 客服\2025年度基层党组织组织生活会客户服务部支部委员会对照检查材料20260312.md,.docx,converted,49,0,
D:\work\2026\4\5 组织生活会\16 中站\2024年度基层党组织组织生活会发言材料（杨振玲）.docx,E:\sl_obsidian\converted_markdown\组织生活会\16 中站\2024年度基层党组织组织生活会发言材料（杨振玲）.md,.docx,converted,91,0,
D:\work\2026\4\5 组织生活会\16 中站\2025年度王海霞组织生活会发言.docx,E:\sl_obsidian\converted_markdown\组织生活会\16 中站\2025年度王海霞组织生活会发言.md,.docx,converted,53,0,
D:\work\2026\4\5 组织生活会\16 中站\中站党支部2025年度组织生活会查摆问题清单及整改措施 (1).xlsx,E:\sl_obsidian\converted_markdown\组织生活会\16 中站\中站党支部2025年度组织生活会查摆问题清单及整改措施 (1).md,.xlsx,converted,,,2
D:\work\2026\4\5 组织生活会\16 中站\中站党支部2025年度组织生活会查摆问题清单及整改措施.xlsx,E:\sl_obsidian\converted_markdown\组织生活会\16 中站\中站党支部2025年度组织生活会查摆问题清单及整改措施.md,.xlsx,converted,,,2
D:\work\2026\4\5 组织生活会\17 孟州\2025年度基层党组织组织生活会支部委员会对照检查材料1.docx,E:\sl_obsidian\converted_markdown\组织生活会\17 孟州\2025年度基层党组织组织生活会支部委员会对照检查材料1.md,.docx,converted,74,0,
D:\work\2026\4\5 组织生活会\17 孟州\2025年度组织生活会个人发言（荣帅3.12.docx,E:\sl_obsidian\converted_markdown\组织生活会\17 孟州\2025年度组织生活会个人发言（荣帅3.12.md,.docx,converted,67,0,
D:\work\2026\4\5 组织生活会\17 孟州\2025年度组织生活会发言提纲.李红星.docx,E:\sl_obsidian\converted_markdown\组织生活会\17 孟州\2025年度组织生活会发言提纲.李红星.md,.docx,converted,43,0,
D:\work\2026\4\5 组织生活会\17 孟州\孟州联通党支部2025年度组织生活会征求意见整改措施+1.xlsx,E:\sl_obsidian\converted_markdown\组织生活会\17 孟州\孟州联通党支部2025年度组织生活会征求意见整改措施+1.md,.xlsx,converted,,,3
D:\work\2026\4\5 组织生活会\17 孟州\组织生活会发言材料（郭玉倩）3.11.docx,E:\sl_obsidian\converted_markdown\组织生活会\17 孟州\组织生活会发言材料（郭玉倩）3.11.md,.docx,converted,65,0,
D:\work\2026\4\5 组织生活会\18 网络部\2025年度组织生活会发言提纲-薛培延V2.docx,E:\sl_obsidian\converted_markdown\组织生活会\18 网络部\2025年度组织生活会发言提纲-薛培延V2.md,.docx,converted,73,0,
D:\work\2026\4\5 组织生活会\18 网络部\2025年组织生活会个人发言材料-王明昕V3.docx,E:\sl_obsidian\converted_markdown\组织生活会\18 网络部\2025年组织生活会个人发言材料-王明昕V3.md,.docx,converted,67,0,
D:\work\2026\4\5 组织生活会\18 网络部\网络部党支部发言材料V4.docx,E:\sl_obsidian\converted_markdown\组织生活会\18 网络部\网络部党支部发言材料V4.md,.docx,converted,100,0,
D:\work\2026\4\5 组织生活会\18 网络部\附件5：个人发言材料-任娟v1.docx,E:\sl_obsidian\converted_markdown\组织生活会\18 网络部\附件5：个人发言材料-任娟v1.md,.docx,converted,40,0,
D:\work\2026\4\5 组织生活会\19 综服\2025年度组织生活会个人对照检查发言材料--综服中心任芳芳.docx,E:\sl_obsidian\converted_markdown\组织生活会\19 综服\2025年度组织生活会个人对照检查发言材料--综服中心任芳芳.md,.docx,converted,48,0,
D:\work\2026\4\5 组织生活会\19 综服\2025年度组织生活会个人对照检查发言材料--综服中心刘迎军.docx,E:\sl_obsidian\converted_markdown\组织生活会\19 综服\2025年度组织生活会个人对照检查发言材料--综服中心刘迎军.md,.docx,converted,56,0,
D:\work\2026\4\5 组织生活会\19 综服\2025年度组织生活会个人对照检查发言材料--综服中心王波.docx,E:\sl_obsidian\converted_markdown\组织生活会\19 综服\2025年度组织生活会个人对照检查发言材料--综服中心王波.md,.docx,converted,62,0,
D:\work\2026\4\5 组织生活会\19 综服\2025年度综合服务支撑中心支部委员会对照检查材料.docx,E:\sl_obsidian\converted_markdown\组织生活会\19 综服\2025年度综合服务支撑中心支部委员会对照检查材料.md,.docx,converted,68,0,
D:\work\2026\4\5 组织生活会\19 综服\综合服务支撑党支部2025年度组织生活会查摆问题清单及整改措施.xlsx,E:\sl_obsidian\converted_markdown\组织生活会\19 综服\综合服务支撑党支部2025年度组织生活会查摆问题清单及整改措施.md,.xlsx,converted,,,2
D:\work\2026\4\5 组织生活会\2 纪检\2025年度基层党组织组织生活会-派驻纪检审计党支部材料.docx,E:\sl_obsidian\converted_markdown\组织生活会\2 纪检\2025年度基层党组织组织生活会-派驻纪检审计党支部材料.md,.docx,converted,53,0,
D:\work\2026\4\5 组织生活会\2 纪检\2025年度组织生活会发言提纲个人-张高兴.docx,E:\sl_obsidian\converted_markdown\组织生活会\2 纪检\2025年度组织生活会发言提纲个人-张高兴.md,.docx,converted,60,0,
D:\work\2026\4\5 组织生活会\2 纪检\2025年组织生活会个人发言材料-何雪峰.docx,E:\sl_obsidian\converted_markdown\组织生活会\2 纪检\2025年组织生活会个人发言材料-何雪峰.md,.docx,converted,47,0,
D:\work\2026\4\5 组织生活会\2 纪检\派驻纪检组审计组党支部2025年度组织生活会查摆问题整改清单.xlsx,E:\sl_obsidian\converted_markdown\组织生活会\2 纪检\派驻纪检组审计组党支部2025年度组织生活会查摆问题整改清单.md,.xlsx,converted,,,2
D:\work\2026\4\5 组织生活会\20 稽核\2025年度基层党组织组织生活会个人发言材料（数字化与稽核中心-冯志强）.docx,E:\sl_obsidian\converted_markdown\组织生活会\20 稽核\2025年度基层党组织组织生活会个人发言材料（数字化与稽核中心-冯志强）.md,.docx,converted,54,0,
D:\work\2026\4\5 组织生活会\20 稽核\2025年度基层党组织组织生活会个人发言材料（数字化与稽核中心-赵中利）.docx,E:\sl_obsidian\converted_markdown\组织生活会\20 稽核\2025年度基层党组织组织生活会个人发言材料（数字化与稽核中心-赵中利）.md,.docx,converted,39,0,
D:\work\2026\4\5 组织生活会\20 稽核\2025年度基层党组织组织生活会个人发言材料（数字化与稽核中心-闫炳花）.docx,E:\sl_obsidian\converted_markdown\组织生活会\20 稽核\2025年度基层党组织组织生活会个人发言材料（数字化与稽核中心-闫炳花）.md,.docx,converted,45,0,
D:\work\2026\4\5 组织生活会\20 稽核\2025年度基层党组织组织生活会支部委员会对照检查材料（数字化与稽核中心）.docx,E:\sl_obsidian\converted_markdown\组织生活会\20 稽核\2025年度基层党组织组织生活会支部委员会对照检查材料（数字化与稽核中心）.md,.docx,converted,69,0,
D:\work\2026\4\5 组织生活会\20 稽核\数字化与稽核中心党支部组织生活会问题整改清单.xlsx,E:\sl_obsidian\converted_markdown\组织生活会\20 稽核\数字化与稽核中心党支部组织生活会问题整改清单.md,.xlsx,converted,,,3
D:\work\2026\4\5 组织生活会\21 企业\2025年宣传委员个人对照检查材料（企业中心党支部）.docx,E:\sl_obsidian\converted_markdown\组织生活会\21 企业\2025年宣传委员个人对照检查材料（企业中心党支部）.md,.docx,converted,45,0,
D:\work\2026\4\5 组织生活会\21 企业\2025年度基层党组织组织生活会对照检查材料1.docx,E:\sl_obsidian\converted_markdown\组织生活会\21 企业\2025年度基层党组织组织生活会对照检查材料1.md,.docx,converted,60,0,
D:\work\2026\4\5 组织生活会\21 企业\2025年纪检委员个人对照检查材料企业中心党支部）.docx,E:\sl_obsidian\converted_markdown\组织生活会\21 企业\2025年纪检委员个人对照检查材料企业中心党支部）.md,.docx,converted,43,0,
D:\work\2026\4\5 组织生活会\21 企业\企业客户营销中心党支部书记个人对照检查材料0228.docx,E:\sl_obsidian\converted_markdown\组织生活会\21 企业\企业客户营销中心党支部书记个人对照检查材料0228.md,.docx,converted,43,0,
D:\work\2026\4\5 组织生活会\21 企业\学习教育查摆问题清单（左玥）3.31.xlsx,E:\sl_obsidian\converted_markdown\组织生活会\21 企业\学习教育查摆问题清单（左玥）3.31.md,.xlsx,converted,,,1
D:\work\2026\4\5 组织生活会\21 企业\学习教育查摆问题清单（贾等等）3.31.xlsx,E:\sl_obsidian\converted_markdown\组织生活会\21 企业\学习教育查摆问题清单（贾等等）3.31.md,.xlsx,converted,,,1
D:\work\2026\4\5 组织生活会\21 企业\组织生活会整改清单企业中心党支部）上报版.xlsx,E:\sl_obsidian\converted_markdown\组织生活会\21 企业\组织生活会整改清单企业中心党支部）上报版.md,.xlsx,converted,,,1
D:\work\2026\4\5 组织生活会\22 校园\2025年度基层党组织组织生活会个人对照检查材料——张淋淋.docx,E:\sl_obsidian\converted_markdown\组织生活会\22 校园\2025年度基层党组织组织生活会个人对照检查材料——张淋淋.md,.docx,converted,40,0,
D:\work\2026\4\5 组织生活会\22 校园\2025年度基层党组织组织生活会支部委员会对照检查材料——校园.docx,E:\sl_obsidian\converted_markdown\组织生活会\22 校园\2025年度基层党组织组织生活会支部委员会对照检查材料——校园.md,.docx,converted,41,0,
D:\work\2026\4\5 组织生活会\22 校园\校园客户营销中心党支部2025年组织生活会问题整改清单 (1).xlsx,E:\sl_obsidian\converted_markdown\组织生活会\22 校园\校园客户营销中心党支部2025年组织生活会问题整改清单 (1).md,.xlsx,converted,,,1
D:\work\2026\4\5 组织生活会\22 校园\校园客户营销中心党支部2025年组织生活会问题整改清单 (2).xlsx,E:\sl_obsidian\converted_markdown\组织生活会\22 校园\校园客户营销中心党支部2025年组织生活会问题整改清单 (2).md,.xlsx,converted,,,1
D:\work\2026\4\5 组织生活会\22 校园\校园客户营销中心党支部2025年组织生活会问题整改清单.xlsx,E:\sl_obsidian\converted_markdown\组织生活会\22 校园\校园客户营销中心党支部2025年组织生活会问题整改清单.md,.xlsx,converted,,,1
D:\work\2026\4\5 组织生活会\22 校园\校园客户营销中心党支部组织生活会会议纪要.docx,E:\sl_obsidian\converted_markdown\组织生活会\22 校园\校园客户营销中心党支部组织生活会会议纪要.md,.docx,converted,46,0,
D:\work\2026\4\5 组织生活会\22 校园\附件附件1：基层党支部民主评议表.xlsx,E:\sl_obsidian\converted_markdown\组织生活会\22 校园\附件附件1：基层党支部民主评议表.md,.xlsx,converted,,,1
D:\work\2026\4\5 组织生活会\22 校园\附件附件2：党员民主测评表.xlsx,E:\sl_obsidian\converted_markdown\组织生活会\22 校园\附件附件2：党员民主测评表.md,.xlsx,converted,,,1
D:\work\2026\4\5 组织生活会\22 校园\附件附件3：民主评议结果报告.xlsx,E:\sl_obsidian\converted_markdown\组织生活会\22 校园\附件附件3：民主评议结果报告.md,.xlsx,converted,,,1
D:\work\2026\4\5 组织生活会\23 政要\政要客户营销中心党支部2025年度组织生活会整改清单.xlsx,E:\sl_obsidian\converted_markdown\组织生活会\23 政要\政要客户营销中心党支部2025年度组织生活会整改清单.md,.xlsx,converted,,,3
D:\work\2026\4\5 组织生活会\24 网运\2025年度组织生活会发言材料--田泽方.docx,E:\sl_obsidian\converted_markdown\组织生活会\24 网运\2025年度组织生活会发言材料--田泽方.md,.docx,converted,49,0,
D:\work\2026\4\5 组织生活会\24 网运\网运中心党支部2025年度组织生活会整改清单.xlsx,E:\sl_obsidian\converted_markdown\组织生活会\24 网运\网运中心党支部2025年度组织生活会整改清单.md,.xlsx,converted,,,3
D:\work\2026\4\5 组织生活会\25 修武\修武县分公司党支部2025年度组织生活会宣传委员贾飞发言材料.docx,E:\sl_obsidian\converted_markdown\组织生活会\25 修武\修武县分公司党支部2025年度组织生活会宣传委员贾飞发言材料.md,.docx,converted,58,0,
D:\work\2026\4\5 组织生活会\25 修武\修武县分公司党支部2025年度组织生活会支委班子发言材料.docx,E:\sl_obsidian\converted_markdown\组织生活会\25 修武\修武县分公司党支部2025年度组织生活会支委班子发言材料.md,.docx,converted,60,0,
D:\work\2026\4\5 组织生活会\25 修武\修武县分公司党支部2025年度组织生活会支部书记李欣发言材料.docx,E:\sl_obsidian\converted_markdown\组织生活会\25 修武\修武县分公司党支部2025年度组织生活会支部书记李欣发言材料.md,.docx,converted,57,0,
D:\work\2026\4\5 组织生活会\25 修武\修武县分公司党支部2025年度组织生活会纪检委员陈冠霖发言材料.docx,E:\sl_obsidian\converted_markdown\组织生活会\25 修武\修武县分公司党支部2025年度组织生活会纪检委员陈冠霖发言材料.md,.docx,converted,56,0,
D:\work\2026\4\5 组织生活会\25 修武\修武县分公司党支部2025年度组织生活会组织委员申倩倩发言材料.docx,E:\sl_obsidian\converted_markdown\组织生活会\25 修武\修武县分公司党支部2025年度组织生活会组织委员申倩倩发言材料.md,.docx,converted,69,0,
D:\work\2026\4\5 组织生活会\25 修武\修武县分公司党支部2025年度组织生活会青年委员周亚飞发言材料.docx,E:\sl_obsidian\converted_markdown\组织生活会\25 修武\修武县分公司党支部2025年度组织生活会青年委员周亚飞发言材料.md,.docx,converted,65,0,
D:\work\2026\4\5 组织生活会\25 修武\修武县分公司党支部2025年度织生活会征集问题清单及整改措施.xlsx,E:\sl_obsidian\converted_markdown\组织生活会\25 修武\修武县分公司党支部2025年度织生活会征集问题清单及整改措施.md,.xlsx,converted,,,3
D:\work\2026\4\5 组织生活会\26 博爱\2025年度基层党组织组织生活会+支部对照检查材料.docx,E:\sl_obsidian\converted_markdown\组织生活会\26 博爱\2025年度基层党组织组织生活会+支部对照检查材料.md,.docx,converted,49,0,
D:\work\2026\4\5 组织生活会\26 博爱\2025年组织生活会个人发言材料-何亮.docx,E:\sl_obsidian\converted_markdown\组织生活会\26 博爱\2025年组织生活会个人发言材料-何亮.md,.docx,converted,49,0,
D:\work\2026\4\5 组织生活会\26 博爱\博爱党支部2025年度组织生活会问题清单及整改措施.xlsx,E:\sl_obsidian\converted_markdown\组织生活会\26 博爱\博爱党支部2025年度组织生活会问题清单及整改措施.md,.xlsx,converted,,,3
D:\work\2026\4\5 组织生活会\27 武陟\2025年度组织生活会发言材料-董梁.docx,E:\sl_obsidian\converted_markdown\组织生活会\27 武陟\2025年度组织生活会发言材料-董梁.md,.docx,converted,32,0,
D:\work\2026\4\5 组织生活会\27 武陟\2025年度组织生活会发言（张君叶）.docx,E:\sl_obsidian\converted_markdown\组织生活会\27 武陟\2025年度组织生活会发言（张君叶）.md,.docx,converted,42,0,
D:\work\2026\4\5 组织生活会\27 武陟\支部书记发言材料（陈燕午）20260311（定）.docx,E:\sl_obsidian\converted_markdown\组织生活会\27 武陟\支部书记发言材料（陈燕午）20260311（定）.md,.docx,converted,35,0,
D:\work\2026\4\5 组织生活会\27 武陟\武陟分公司党支部2025年度组织生活会问题清单及整改措施 (1).xlsx,E:\sl_obsidian\converted_markdown\组织生活会\27 武陟\武陟分公司党支部2025年度组织生活会问题清单及整改措施 (1).md,.xlsx,converted,,,3
D:\work\2026\4\5 组织生活会\27 武陟\武陟分公司党支部2025年度组织生活会问题清单及整改措施.xlsx,E:\sl_obsidian\converted_markdown\组织生活会\27 武陟\武陟分公司党支部2025年度组织生活会问题清单及整改措施.md,.xlsx,converted,,,3
D:\work\2026\4\5 组织生活会\27 武陟\附件附件3：民主评议结果报告.xlsx,E:\sl_obsidian\converted_markdown\组织生活会\27 武陟\附件附件3：民主评议结果报告.md,.xlsx,converted,,,1
D:\work\2026\4\5 组织生活会\28 政企\附件5：政企部党支部书记刘怀星发言材料0302（以此为准）.docx,E:\sl_obsidian\converted_markdown\组织生活会\28 政企\附件5：政企部党支部书记刘怀星发言材料0302（以此为准）.md,.docx,converted,40,0,
D:\work\2026\4\5 组织生活会\3 温县\2025年度+整改清单.xlsx,E:\sl_obsidian\converted_markdown\组织生活会\3 温县\2025年度+整改清单.md,.xlsx,converted,,,2
D:\work\2026\4\5 组织生活会\3 温县\周建勋+2025年度个人对照检查材料.docx,E:\sl_obsidian\converted_markdown\组织生活会\3 温县\周建勋+2025年度个人对照检查材料.md,.docx,converted,22,0,
D:\work\2026\4\5 组织生活会\3 温县\孙久财+2025年度个人对照发言材料.docx,E:\sl_obsidian\converted_markdown\组织生活会\3 温县\孙久财+2025年度个人对照发言材料.md,.docx,converted,79,0,
D:\work\2026\4\5 组织生活会\3 温县\张东波+2025年度个人对照检查材料.docx,E:\sl_obsidian\converted_markdown\组织生活会\3 温县\张东波+2025年度个人对照检查材料.md,.docx,converted,56,0,
D:\work\2026\4\5 组织生活会\3 温县\张亚飞+2025年度个人对照检查材料.docx,E:\sl_obsidian\converted_markdown\组织生活会\3 温县\张亚飞+2025年度个人对照检查材料.md,.docx,converted,73,0,
D:\work\2026\4\5 组织生活会\3 温县\张大卫+2025年度个人对照检查材料.docx,E:\sl_obsidian\converted_markdown\组织生活会\3 温县\张大卫+2025年度个人对照检查材料.md,.docx,converted,37,0,
D:\work\2026\4\5 组织生活会\3 温县\温县分公司支部委员会2025年度对照检查材料.docx,E:\sl_obsidian\converted_markdown\组织生活会\3 温县\温县分公司支部委员会2025年度对照检查材料.md,.docx,converted,60,0,
D:\work\2026\4\5 组织生活会\3 温县\附件1：基层党支部民主评议表.xlsx,E:\sl_obsidian\converted_markdown\组织生活会\3 温县\附件1：基层党支部民主评议表.md,.xlsx,converted,,,1
D:\work\2026\4\5 组织生活会\3 温县\附件2：党员民主测评表.xlsx,E:\sl_obsidian\converted_markdown\组织生活会\3 温县\附件2：党员民主测评表.md,.xlsx,converted,,,1
D:\work\2026\4\5 组织生活会\4 马村\2025年组织生活会发言材料刘仕源.docx,E:\sl_obsidian\converted_markdown\组织生活会\4 马村\2025年组织生活会发言材料刘仕源.md,.docx,converted,45,0,
D:\work\2026\4\5 组织生活会\4 马村\民主生活会发言材料-陈三根.docx,E:\sl_obsidian\converted_markdown\组织生活会\4 马村\民主生活会发言材料-陈三根.md,.docx,converted,66,0,
D:\work\2026\4\5 组织生活会\4 马村\马村区分公司党支部2025年度组织生活会支部书记王刚个人发言材料.docx,E:\sl_obsidian\converted_markdown\组织生活会\4 马村\马村区分公司党支部2025年度组织生活会支部书记王刚个人发言材料.md,.docx,converted,50,0,
D:\work\2026\4\5 组织生活会\4 马村\马村区分公司组织生活会党支部对照检查材料2025.docx,E:\sl_obsidian\converted_markdown\组织生活会\4 马村\马村区分公司组织生活会党支部对照检查材料2025.md,.docx,converted,59,0,
D:\work\2026\4\5 组织生活会\5 山阳\山阳区分公司党支部2025年度组织生活会征集意见整改清单 (1).xlsx,E:\sl_obsidian\converted_markdown\组织生活会\5 山阳\山阳区分公司党支部2025年度组织生活会征集意见整改清单 (1).md,.xlsx,converted,,,1
D:\work\2026\4\5 组织生活会\5 山阳\附件3：民主评议结果报告-山阳.xlsx,E:\sl_obsidian\converted_markdown\组织生活会\5 山阳\附件3：民主评议结果报告-山阳.md,.xlsx,converted,,,1
D:\work\2026\4\5 组织生活会\5 山阳\附件5：个人发言材料-孙明辉 (1).docx,E:\sl_obsidian\converted_markdown\组织生活会\5 山阳\附件5：个人发言材料-孙明辉 (1).md,.docx,converted,54,0,
D:\work\2026\4\5 组织生活会\5 山阳\附件5：个人发言材料-梁莉珺 (1).docx,E:\sl_obsidian\converted_markdown\组织生活会\5 山阳\附件5：个人发言材料-梁莉珺 (1).md,.docx,converted,54,0,
D:\work\2026\4\5 组织生活会\5 山阳\附件5：个人发言材料-梁莉珺 (2).docx,E:\sl_obsidian\converted_markdown\组织生活会\5 山阳\附件5：个人发言材料-梁莉珺 (2).md,.docx,converted,54,0,
D:\work\2026\4\5 组织生活会\5 山阳\附件5：个人发言材料-王保军 (1).docx,E:\sl_obsidian\converted_markdown\组织生活会\5 山阳\附件5：个人发言材料-王保军 (1).md,.docx,converted,63,0,
D:\work\2026\4\5 组织生活会\5 山阳\附件5：个人发言材料-王永成 (1).docx,E:\sl_obsidian\converted_markdown\组织生活会\5 山阳\附件5：个人发言材料-王永成 (1).md,.docx,converted,63,0,
D:\work\2026\4\5 组织生活会\5 山阳\附件5：个人发言材料-郭永峰 (1).docx,E:\sl_obsidian\converted_markdown\组织生活会\5 山阳\附件5：个人发言材料-郭永峰 (1).md,.docx,converted,64,0,
D:\work\2026\4\5 组织生活会\6 市场部\2025年度基层党组织组织生活会和开展民主评议党员大会.docx,E:\sl_obsidian\converted_markdown\组织生活会\6 市场部\2025年度基层党组织组织生活会和开展民主评议党员大会.md,.docx,converted,60,0,
D:\work\2026\4\5 组织生活会\6 市场部\2025年度市场部党支部民主评议党员.docx,E:\sl_obsidian\converted_markdown\组织生活会\6 市场部\2025年度市场部党支部民主评议党员.md,.docx,converted,61,0,
D:\work\2026\4\5 组织生活会\6 市场部\2025年度市场部党支部组织生活会个人发言材料-刘慧芳.docx,E:\sl_obsidian\converted_markdown\组织生活会\6 市场部\2025年度市场部党支部组织生活会个人发言材料-刘慧芳.md,.docx,converted,52,0,
D:\work\2026\4\5 组织生活会\6 市场部\2025年度市场部党支部组织生活会个人发言材料-孟闪飞.docx,E:\sl_obsidian\converted_markdown\组织生活会\6 市场部\2025年度市场部党支部组织生活会个人发言材料-孟闪飞.md,.docx,converted,57,0,
D:\work\2026\4\5 组织生活会\6 市场部\2025年度市场部党支部组织生活会个人发言材料-布振安.docx,E:\sl_obsidian\converted_markdown\组织生活会\6 市场部\2025年度市场部党支部组织生活会个人发言材料-布振安.md,.docx,converted,41,0,
D:\work\2026\4\5 组织生活会\6 市场部\2025年度市场部党支部组织生活会个人发言材料-王志娟.docx,E:\sl_obsidian\converted_markdown\组织生活会\6 市场部\2025年度市场部党支部组织生活会个人发言材料-王志娟.md,.docx,converted,37,0,
D:\work\2026\4\5 组织生活会\6 市场部\市场部党支部2025年度主题教育专题组织生活会查摆问题清单及整改措施.xlsx,E:\sl_obsidian\converted_markdown\组织生活会\6 市场部\市场部党支部2025年度主题教育专题组织生活会查摆问题清单及整改措施.md,.xlsx,converted,,,1
D:\work\2026\4\5 组织生活会\6 市场部\支部班子作对照检查发言+0314.docx,E:\sl_obsidian\converted_markdown\组织生活会\6 市场部\支部班子作对照检查发言+0314.md,.docx,converted,6,0,
D:\work\2026\4\5 组织生活会\7 解放\2025年度基层党组织组织生活会个人发言提纲_张允.docx,E:\sl_obsidian\converted_markdown\组织生活会\7 解放\2025年度基层党组织组织生活会个人发言提纲_张允.md,.docx,converted,52,0,
D:\work\2026\4\5 组织生活会\7 解放\2025年度组织生活会及民主评议党员规范化要求.docx,E:\sl_obsidian\converted_markdown\组织生活会\7 解放\2025年度组织生活会及民主评议党员规范化要求.md,.docx,converted,103,7,
D:\work\2026\4\5 组织生活会\7 解放\解放区分公司党支部2025年度组织生活会查摆问题及整改措施.xlsx,E:\sl_obsidian\converted_markdown\组织生活会\7 解放\解放区分公司党支部2025年度组织生活会查摆问题及整改措施.md,.xlsx,converted,,,3
D:\work\2026\4\5 组织生活会\7 解放\（张瑞）2025年度基层党组织组织生活会个人发言.docx,E:\sl_obsidian\converted_markdown\组织生活会\7 解放\（张瑞）2025年度基层党组织组织生活会个人发言.md,.docx,converted,56,0,
D:\work\2026\4\5 组织生活会\8 人力\2024+年组织生活会整改落实情况.docx,E:\sl_obsidian\converted_markdown\组织生活会\8 人力\2024+年组织生活会整改落实情况.md,.docx,converted,6,0,
D:\work\2026\4\5 组织生活会\8 人力\2025年人力资源部党支部年度工作汇报.docx,E:\sl_obsidian\converted_markdown\组织生活会\8 人力\2025年人力资源部党支部年度工作汇报.md,.docx,converted,41,0,
D:\work\2026\4\5 组织生活会\8 人力\人力资源部党支部2025年度组织生活会查摆问题清单及整改措施 (1).xlsx,E:\sl_obsidian\converted_markdown\组织生活会\8 人力\人力资源部党支部2025年度组织生活会查摆问题清单及整改措施 (1).md,.xlsx,converted,,,2
D:\work\2026\4\5 组织生活会\8 人力\人力资源部党支部2025年度组织生活会查摆问题清单及整改措施.xlsx,E:\sl_obsidian\converted_markdown\组织生活会\8 人力\人力资源部党支部2025年度组织生活会查摆问题清单及整改措施.md,.xlsx,converted,,,2
D:\work\2026\4\5 组织生活会\8 人力\附件附件5：个人发言材料-人力资源部党支部宋世旺.docx,E:\sl_obsidian\converted_markdown\组织生活会\8 人力\附件附件5：个人发言材料-人力资源部党支部宋世旺.md,.docx,converted,50,0,
D:\work\2026\4\5 组织生活会\8 人力\附件附件5：个人发言材料-人力资源部党支部牛春芳.docx,E:\sl_obsidian\converted_markdown\组织生活会\8 人力\附件附件5：个人发言材料-人力资源部党支部牛春芳.md,.docx,converted,58,0,
D:\work\2026\4\5 组织生活会\8 人力\附件附件5：个人发言材料-人力资源部党支部行鹏敏.docx,E:\sl_obsidian\converted_markdown\组织生活会\8 人力\附件附件5：个人发言材料-人力资源部党支部行鹏敏.md,.docx,converted,77,0,
D:\work\2026\4\5 组织生活会\9 机动通信管理局\个人发言材料.万仁伟.docx,E:\sl_obsidian\converted_markdown\组织生活会\9 机动通信管理局\个人发言材料.万仁伟.md,.docx,converted,106,0,
D:\work\2026\4\5 组织生活会\9 机动通信管理局\个人发言材料.张德保.docx,E:\sl_obsidian\converted_markdown\组织生活会\9 机动通信管理局\个人发言材料.张德保.md,.docx,converted,88,0,
D:\work\2026\4\5 组织生活会\9 机动通信管理局\个人发言材料.成利军.docx,E:\sl_obsidian\converted_markdown\组织生活会\9 机动通信管理局\个人发言材料.成利军.md,.docx,converted,56,0,
D:\work\2026\4\5 组织生活会\9 机动通信管理局\个人发言材料.李一.docx,E:\sl_obsidian\converted_markdown\组织生活会\9 机动通信管理局\个人发言材料.李一.md,.docx,converted,74,0,
D:\work\2026\4\5 组织生活会\9 机动通信管理局\个人发言材料.李强.docx,E:\sl_obsidian\converted_markdown\组织生活会\9 机动通信管理局\个人发言材料.李强.md,.docx,converted,66,0,
D:\work\2026\4\5 组织生活会\9 机动通信管理局\记录---民主评议党员部分和后续部分.docx,E:\sl_obsidian\converted_markdown\组织生活会\9 机动通信管理局\记录---民主评议党员部分和后续部分.md,.docx,converted,7,0,
